<saml:Assertion ID="Uthkf.kgF6TUXzm3zGn.EYHmzN_" IssueInstant="2020-10-09T19:53:59.808Z" Version="2.0" xmlns:saml="urn:oasis:names:tc:SAML:2.0:assertion"><saml:Issuer>https://sso.corp.frbnpe.com</saml:Issuer><ds:Signature xmlns:ds="http://www.w3.org/2000/09/xmldsig#">
<ds:SignedInfo>
<ds:CanonicalizationMethod Algorithm="http://www.w3.org/2001/10/xml-exc-c14n#"/>
<ds:SignatureMethod Algorithm="http://www.w3.org/2001/04/xmldsig-more#rsa-sha256"/>
<ds:Reference URI="#Uthkf.kgF6TUXzm3zGn.EYHmzN_">
<ds:Transforms>
<ds:Transform Algorithm="http://www.w3.org/2000/09/xmldsig#enveloped-signature"/>
<ds:Transform Algorithm="http://www.w3.org/2001/10/xml-exc-c14n#"/>
</ds:Transforms>
<ds:DigestMethod Algorithm="http://www.w3.org/2001/04/xmlenc#sha256"/>
<ds:DigestValue>WsAOm4zWoJiVRSGcWu9f/1ZCJQx8XaouqK20EVvyZOs=</ds:DigestValue>
</ds:Reference>
</ds:SignedInfo>
<ds:SignatureValue>
axCbj2GC79ZIPyKXt/YNaj0DFVKL7YqHDv69QcJni9sAMvfr2KlrdUHKopn0p3MzZwH3F+i5rmBn
eJFuy+BzGU4eo5L0r3s0YY7F0j35RDR4Sjr/En74y8S7EoqAl8Dlk7bgbNsEymWYnBzHpIMBty2d
pW923w94IoJ7YD3wUe8/drfiGk/z0enPPaKHU4L4FKFXDBejAjZlXC9rj3Hy5TN06iYoijoNbi/R
zzAKUAo7ZkUfUU7+1gtnVapULyQlVrKaVaYKcmAUsUMOXT+QMnnrKaxd0WIzfkpuxrwQuGt/JqId
XHk4ZKAhQznZgCmG38th9AcsSGTglSlGGO3DcA==
</ds:SignatureValue>
</ds:Signature><saml:Subject><saml:NameID Format="urn:oasis:names:tc:SAML:1.1:nameid-format:unspecified">aagrawal</saml:NameID><saml:SubjectConfirmation Method="urn:oasis:names:tc:SAML:2.0:cm:bearer"/></saml:Subject><saml:Conditions NotBefore="2020-10-09T19:48:59.809Z" NotOnOrAfter="2020-10-09T20:23:59.809Z"><saml:AudienceRestriction><saml:Audience>https://sso.corp.frbnpe.com</saml:Audience></saml:AudienceRestriction></saml:Conditions><saml:AuthnStatement AuthnInstant="2020-10-09T19:53:59.808Z" SessionIndex="Uthkf.kgF6TUXzm3zGn.EYHmzN_"><saml:AuthnContext><saml:AuthnContextClassRef>urn:oasis:names:tc:SAML:2.0:ac:classes:unspecified</saml:AuthnContextClassRef></saml:AuthnContext></saml:AuthnStatement><saml:AttributeStatement><saml:Attribute Name="companyID" NameFormat="urn:oasis:names:tc:SAML:2.0:attrname-format:basic"><saml:AttributeValue xsi:type="xs:string" xmlns:xs="http://www.w3.org/2001/XMLSchema" xmlns:xsi="http://www.w3.org/2001/XMLSchema-instance">2</saml:AttributeValue></saml:Attribute><saml:Attribute Name="userAlias" NameFormat="urn:oasis:names:tc:SAML:2.0:attrname-format:basic"><saml:AttributeValue xsi:type="xs:string" xmlns:xs="http://www.w3.org/2001/XMLSchema" xmlns:xsi="http://www.w3.org/2001/XMLSchema-instance">ACI SSO User Alias</saml:AttributeValue></saml:Attribute><saml:Attribute Name="EBToken" NameFormat="urn:oasis:names:tc:SAML:2.0:attrname-format:basic"><saml:AttributeValue xsi:type="xs:string" xmlns:xs="http://www.w3.org/2001/XMLSchema" xmlns:xsi="http://www.w3.org/2001/XMLSchema-instance">EBTokenprovided</saml:AttributeValue></saml:Attribute><saml:Attribute Name="userID" NameFormat="urn:oasis:names:tc:SAML:2.0:attrname-format:basic"><saml:AttributeValue xsi:type="xs:string" xmlns:xs="http://www.w3.org/2001/XMLSchema" xmlns:xsi="http://www.w3.org/2001/XMLSchema-instance">aagrawal</saml:AttributeValue></saml:Attribute></saml:AttributeStatement></saml:Assertion>